{"cameraMode":{"drawMode":0,"name":"Shaded","section":"Shading Mode"},"sceneLighting":true,"audioPlay":false,"sceneViewState":{"m_AlwaysRefresh":false,"showFog":true,"showSkybox":false,"showFlares":true,"showImageEffects":true,"showParticleSystems":true,"showVisualEffectGraphs":true,"m_FxEnabled":true},"in2DMode":false,"pivot":{"x":0.19409799575805665,"y":0.710597038269043,"z":-1.9234979152679444},"rotation":{"x":0.16409504413604737,"y":-0.7243473529815674,"z":0.18466661870479585,"w":0.6438114643096924},"size":0.6208711862564087,"orthographic":false}