{"cameraMode":{"drawMode":0,"name":"Shaded","section":"Shading Mode"},"sceneLighting":true,"audioPlay":false,"sceneViewState":{"m_AlwaysRefresh":false,"showFog":true,"showSkybox":false,"showFlares":true,"showImageEffects":true,"showParticleSystems":true,"showVisualEffectGraphs":true,"m_FxEnabled":true},"in2DMode":false,"pivot":{"x":0.1770559549331665,"y":0.1617889404296875,"z":1.304673194885254},"rotation":{"x":0.31491485238075259,"y":0.0827421024441719,"z":-0.027500713244080545,"w":0.9452037215232849},"size":2.9758517742156984,"orthographic":false}