{"cameraMode":{"drawMode":0,"name":"Shaded","section":"Shading Mode"},"sceneLighting":false,"audioPlay":false,"sceneViewState":{"m_AlwaysRefresh":false,"showFog":true,"showSkybox":false,"showFlares":true,"showImageEffects":true,"showParticleSystems":true,"showVisualEffectGraphs":true,"m_FxEnabled":true},"in2DMode":false,"pivot":{"x":-0.020026206970214845,"y":-0.04307746887207031,"z":2.158583641052246},"rotation":{"x":-0.0769895538687706,"y":-0.8897907137870789,"z":0.16327962279319764,"w":-0.41935378313064577},"size":17.805809020996095,"orthographic":false}